Name ,Date(Y-M-D),Time
elon_musk,12-11-2021,12:24:58
elon_musk,12-11-2021,12:24:58
selena_gomz,12-11-2021,12:26:12
selena_gomz,2021-11-12,12:31:40
selena_gomz,2021-11-12,12:32:12
elon_musk,2021-11-12,12:32:22
jeff_bezos,2021-11-12,12:32:22
rahul,2021-11-12,12:32:32
rahul,2021-11-16,12:01:51
elon_musk,2021-11-16,12:02:28
elon_musk,2021-11-16,12:02:28
jeff_bezos,2021-11-16,12:02:28
selena_gomz,2021-11-16,12:05:27
selena_gomz,2021-11-16,12:07:20
rahul,2021-11-16,12:07:38
rahul,2021-11-16,12:08:25
elon_musk,2021-11-16,12:13:35
jeff_bezos,2021-11-16,12:13:35
selena_gomz,2021-11-16,12:14:54
selena_gomz,2021-11-16,12:16:06
selena_gomz,2021-11-16,12:18:17
selena_gomz,2021-11-16,12:19:11
selena_gomz,2021-11-16,12:19:56
rahul,2021-11-16,12:21:22
rahul,2021-11-16,12:22:14
rahul,2021-11-16,12:22:31
rahul,2021-11-16,12:22:31
rahul,2021-11-16,12:22:38
rahul,2021-11-16,12:22:38
selena_gomz,2021-11-16,12:22:51
selena_gomz,2021-11-16,12:27:12
elon_musk,2021-11-16,12:29:00
elon_musk,2021-11-16,12:35:58
elon_musk,2021-11-16,12:36:27
elon_musk,2021-11-16,12:36:57
selena_gomz,2021-11-16,12:37:11
rahul,2021-11-16,12:52:31
Chris Hamsworth,2021-11-16,13:24:27
selena_gomz,2021-11-16,13:46:42
